,Name
0,m.veporno.net.html
1,accounts.google.com.html
2,mix.com.html
3,www.get-express-vpn.online.html
4,www.devart.com.html
5,nbastream.nu.html
6,www.alexa.com.html
7,www.libstat.com.html
8,access.funmarten.com.html
9,asakhabar.ir.html
10,goplayz.com.html
11,www.sendgb.com.html
12,www.fitint.ro.html
13,www2.news-back.net.html
14,www.louisvuittonoutlet.com.co.html
15,musiczum.com.html
16,begin.zumastar.com.html
17,linkifier.com.html
18,www.liveinternet.ru.html
19,prepdietz.com.html
20,jahandozh.com.html
21,e1u.ecwid.com.html
22,mydiethub.com.html
23,theporndude.com.html
24,searchsecurer.com.html
25,docs.google.com.html
26,www4.news-back.net.html
27,taktazapk.ir.html
28,www.ghesticlub.com.html
29,ww22.watchop.io.html
30,www.chia-anime.me.html
31,pc-naruto.uninja.me.html
32,go.heavenfull.com.html
33,groups.google.com.html
34,anilist.co.html
35,activationtrial.blog.ir.html
36,bookjewl.com.html
37,www.namasha.com.html
38,ipclick.ir.html
39,openplayz.com.html
40,www.sous-titres.eu.html
41,www.warezbook.org.html
42,featurepoints.com.html
43,best2020-games-web1.com.html
44,flixtor.video.html
45,vk.com.html
46,bitcoinstance.com.html
47,programchi.ir.html
48,app.livestorm.co.html
49,telegram.me.html
50,www.vreaubagaj.ro.html
51,www.primevideo.com.html
52,yekapk.ir.html
53,en.rhy.com.html
54,clippercabana.com.html
55,nesfejahan.net.html
56,mahstyle.ir.html
57,t.me.html
58,v3m.gtarcade.com.html
59,validator.w3.org.html
60,cafehdanesh.com.html
61,ondemandcontent.co.html
62,www.mp4upload.com.html
63,discord.com.html
64,click.a-ads.com.html
65,www.cine-calidad.com.html
66,theync.com.html
67,go.hanakay.net.html
68,inbound.trilema.com.html
69,www.myfreecams.com.html
70,heptasteel.com.html
71,maherdookht.ir.html
72,meganmaxine.cammodels.com.html
73,asdasdad.net.html
74,melkyar.net.html
75,www.cam4.com.html
76,sites.google.com.html
77,streaming4free.com.html
78,m.chia-anime.me.html
79,deodataint.com.html
80,shanikala.com.html
81,manga47.net.html
82,muzicplay.com.html
83,playbunt.com.html
84,appsarzamin.ir.html
85,pastebin.com.html
86,forum.snahp.it.html
87,www3.news-back.net.html
88,rockydennispresents.com.html
89,www.bebi.com.html
90,mrsalamat.ir.html
91,gourl.io.html
92,textbin.xyz.html
93,raymoncompany.com.html
94,www.mardomsalari.ir.html
95,ww18.narutoget.io.html
96,bonxmedia.com.html
97,www.freecounterstat.com.html
98,mondetop.com.html
99,editiondigitale.agefiactifs.com.html
100,pc-dr.plusfuns.com.html
101,il35v.free-money-to.shop.html
102,hu.wikipedia.org.html
103,gjid5.incoming-news.online.html
104,rollerbit.net.html
105,computta.com.html
106,www.youtube.com.html
107,support.apple.com.html
108,www.betworld20.com.html
109,footofan.com.html
110,opizo.me.html
111,di7stero.com.html
112,start.angebliss.com.html
113,tronbanners.io.html
114,bayanbox.ir.html
115,www.medecines-douces.com.html
116,yazing.com.html
117,com.agefi.fr.html
118,www.mymovies.it.html
119,ruvi.tv.html
120,yomedias.com.html
121,go.flame-paradise.com.html
122,www.pinterest.fr.html
123,espino-vip.ir.html
124,mc6oa.click-to-continue.online.html
125,go.sevanweb.com.html
126,www.metiers.picoguide.org.html
127,khabaredagh.ir.html
128,altadefinizione.cards.html
129,coolergaazi.ir.html
130,pass32up.ir:32.html
131,adbtc.top.html
132,links.snahp.it.html
133,www.proprofsgames.com.html
134,centerit.ir.html
135,efukt.com.html
136,betwinner1.com.html
137,open.etymonfun.com.html
138,flow.concord.systems.html
139,asanapk.ir.html
140,arvatools.com.html
141,start.jurymedia.net.html
142,v1ghe.read-the-news.online.html
143,go.flormedia.net.html
144,oauth.vk.com.html
145,movies7.to.html
146,pkspeed.net.html
147,pc-sao.heatgames.me.html
148,hotelme.ir.html
149,gogo-play.net.html
150,chaturbate.com.html
151,pintap.ir.html
152,promo.worldofwarships.eu.html
153,rg0ao.read-the-news.online.html
154,bookdenn.com.html
155,www.nord-presence.com.html
156,imitate.moviemediahub.com.html
157,yourwownewz.com.html
158,dyncdn.me.html
159,kino-go.cyou.html
160,tinymkv.xyz.html
161,smushgame.com.html
162,api.whatsapp.com.html
163,www.ramdesign.ir.html
164,register.silverscreen.cc.html
165,route.buddyplay.net.html
166,www.filmtv.it.html
167,filecrypt.co.html
168,bookzenn.com.html
169,popupmefa.net.html
170,simurgh-shop.ir.html
171,www.deyarejonoub.ir.html
172,0xxx.ws.html
173,supervideo.tv.html
174,i.ibb.co.html
175,www.eriseprint.ir.html
176,pc-pm.zeusgame.me.html
177,www.shabestarigroup.ir.html
178,faidimmassage.com.html
179,www.michaelkors-bags.org.uk.html
180,taskpays.com.html
181,bayan.ir.html
182,autofaucet.dutchycorp.space.html
183,www1.news-back.net.html
184,robatech.ir.html
185,ddownload.com.html
186,www.porntrex.com.html
187,www.paypal.com.html
188,guard.link.html
189,www.psynergie.com.html
190,my1-links.xyz.html
191,pulbank.ir.html
192,vbzwz.click-to-continue.online.html
193,youpornxvideos.net.html
194,novel247.com.html
195,www.porndudecams.com.html
196,www.addthis.com.html
197,coin-farm.net.html
198,wordpress.org.html
199,vazeh.com.html
200,www.google.com.html
201,m.instaflex.ru.html
202,surveypush.com.html
203,www.rutor.info.html
204,247novel.com.html
205,www.linkedin.com.html
206,www.3danews.ir.html
207,seosthemes.com.html
208,www.customketodiet.com.html
209,m.imdb.com.html
210,streamingcommunity.net.html
211,betfury.io.html
212,animeunity.it.html
213,proxygalaxy.pw.html
214,www.thelotter.com.html
215,mst-arman.ir.html
216,shlink.net.html
217,akismet.com.html
218,farazshid.com.html
219,www.freecoursesonline.me.html
220,www.office.org.html
221,cloudvideo.tv.html
222,lostpic.net.html
223,register.movie-frame.com.html
224,www.tsetmc.com.html
225,www.nesfejahan.net.html
226,launch.ojospro.com.html
227,digg.com.html
228,www.jumia.co.ke.html
229,jgsm6.click-on-this.art.html
230,nordvpn.com.html
231,musikmac.com.html
232,krakenfiles.com.html
233,therapiebreve-lille.com.html
234,sophrologie.lille.free.fr.html
235,viralporn.com.html
236,www.ceporn.net.html
237,www.bonweb.com.html
238,ibb.co.html
239,honarfa.ir.html
240,griotsteam.blogspot.com.html
241,fmovies.to.html
242,sexotherapie.lille.free.fr.html
243,facekook.ir.html
244,gogo-stream.com.html
245,www.rond.ir.html
246,www.soloscore.com.html
247,sale.aliexpress.com.html
248,www.samsung.com.html
249,open.briemedia.com.html
250,www.hentaisaturn.com.html
251,hurawatch.com.html
252,one-movie.ir.html
253,www.agefi.fr.html
254,iranprj.ir.html
255,multi-up.com.html
256,chikiporn.com.html
257,lp.themarketsinsider.com.html
258,2irni.incoming-news.online.html
259,get.equi-fun.net.html
260,doormat1.com.html
261,www.tradingview.com.html
262,www.camsoda.com.html
263,www.digikala.com.html
264,cleveradvertising.com.html
265,www.hautmont.org.html
266,lostpix.com.html
267,luckyfish.io.html
268,www.predictivdisplay.com.html
269,www.reddit.com.html
270,disqus.com.html
271,www.top-free-casino-games.com.html
272,www.tvhoard.com.html
273,commence.funrange.net.html
274,en.wikipedia.org.html
275,1-movie.ir.html
276,playgentz.com.html
277,bamabesaz.com.html
278,www.imdb.com.html
279,support.cloudflare.com.html
280,v1.scnlog.me.html
281,ravandposhan.ir.html
282,helipen.com.html
283,commence.eriza.net.html
284,bayfiles.com.html
285,1xbet.ng.html
286,vidhotel.com.html
287,www.aradmetal.ir.html
288,www.symbiofi.com.html
289,hostiran.net.html
290,ettehadgame.ir.html
291,123shapeme.com.html
292,www.libparade.com.html
293,bubbaplayz.com.html
294,9live.club.html
295,go.funfate.net.html
296,nord.coaching.free.fr.html
297,www.lightspeedtickets.com.html
298,www.shimifarayand.com.html
299,www.888casino.com.html
300,rahatchat.com.html
301,www.clicpartout-annuaire.com.html
302,imgur.com.html
303,www.proprofs.com.html
304,hypercashsystem.com.html
305,sashta.ir.html
306,securitymobile.club.html
307,best.aliexpress.com.html
308,www.histats.com.html
309,creative.admjmp.com.html
310,nothingtoxic.com.html
311,en-trans.org.html
312,liivecams.com.html
313,see.xxx.html
314,hello.fuckbooksite.com.html
315,www.webgozar.com.html
316,www.gearbest.com.html
317,wheel.grand-casino50.com.html
318,www.fc-moto.de.html
319,the-best-push-news.com.html
320,www6.asdasdad.net.html
321,clear-stream-digital.net.html
322,pcmuzic.com.html
323,shayan-co.ir.html
324,turingsanat.com.html
325,free-litecoin.com.html
326,www.beermoneyforum.com.html
327,www.sub-talk.net.html
328,manga.chia-anime.tv.html
329,thebestgame2020.com.html
330,www.qubittech.ai.html
331,www.chess.com.html
332,crazyshit.com.html
333,pics.vc.html
334,javanara.ir.html
335,ecobusinesswatch.ir.html
336,eu.yoins.com.html
337,trgoals.site.html
338,whos.amung.us.html
339,98share.com.html
340,ganaderiabirmania.com.html
341,uon6b.get-money-to.shop.html
342,xip.li.html
343,link.newtsplay.com.html
344,babcox.dragonforms.com.html
345,bc.game.html
346,www.armestate.com.html
347,musics247.com.html
348,www5.news-back.net.html
349,lootbitco.com.html
350,www.facebook.com.html
351,www.kinopoisk.ru.html
352,m3axb.free-money-to.shop.html
353,stumbleupon.com.html
354,www.flickr.com.html
355,www6.news-back.net.html
356,24movie.org.html
357,img.2ddl.ms.html
358,myanimelist.net.html
359,start.kelpmedia.com.html
360,bonus.mobilbahis308.com.html
361,smkfi.live-gossip.online.html
362,accounts.binance.com.html
363,musikdr.com.html
364,iranconcertnews.ir.html
365,nitroflare.com.html
366,holtgamez.com.html
367,www.pulsz.com.html
368,voagy.read-the-news.online.html
